,Title,Release,Genre,Age,Nation,Type,Director,Main_actor
0,명량,2014-07-30,"사극,액션",15세이상관람가,한국,"필름,2D,4D",김한민,"최민식(이순신 ),류승룡(구루지마 ),조진웅(와키자카 )"
1,극한직업,2019-01-23,코미디,15세이상관람가,한국,2D,이병헌,"류승룡(고반장),이하늬(장형사),진선규(마형사),이동휘(영호),공명(재훈)"
2,신과함께-죄와 벌,2017-12-20,"판타지,드라마",12세이상관람가,한국,"2D,4D",김용화,"하정우(강림),차태현(자홍),주지훈(해원맥),김향기(덕춘),마동석(성주신)"
3,국제시장,2014-12-17,드라마,12세이상관람가,한국,"필름,2D",윤제균,"황정민(덕수),김윤진(영자),오달수(달구),정진영(덕수부)"
4,어벤져스: 엔드게임,2019-04-24,"액션,SF",12세이상관람가,미국,"2D,3D,4D,IMAX","안소니 루소,조 루소","로버트 다우니 주니어,크리스 에반스,마크 러팔로,크리스 헴스워스,스칼렛 요한슨,제레미 레너,돈 치들,폴 러드,브리 라슨,카렌 길런,브래들리 쿠퍼,조슈 브롤린"
5,겨울왕국 2,2019-11-21,애니메이션,전체관람가,미국,"2D,3D,4D,IMAX","크리스 벅,제니퍼 리","크리스틴 벨,이디나 멘젤,조시 게드,조나단 그로프"
6,베테랑,2015-08-05,"액션,드라마",15세이상관람가,한국,"필름,2D",류승완,"황정민(서도철),유아인(조태오),유해진(최 상무),오달수(오 팀장)"
7,아바타,2009-12-17,"SF,액션,어드벤처",12세이상관람가,미국,"필름,2D,3D,4D,IMAX",제임스 카메론,"샘 워싱턴,조 샐다나,시고니 위버"
8,도둑들,2012-07-25,"액션,범죄",15세이상관람가,"한국,홍콩","필름,2D",최동훈,"김윤석(마카오박),김혜수(팹시),이정재(뽀빠이),전지현(예니콜),임달화(첸),김해숙(씹던껌),오달수(앤드류),김수현(잠파노),이심결(줄리),증국상(조니)"
9,7번방의 선물,2013-01-23,"코미디,드라마",15세이상관람가,한국,"필름,2D",이환경,"류승룡(용구),박신혜(큰 예승),갈소원(어린 예승),오달수(방장),박원상(춘호),김정태(만범),정만식(봉식),김기천(서노인)"
10,알라딘,2019-05-23,"어드벤처,가족,판타지",전체관람가,미국,"2D,3D,4D,IMAX,DOLBYCINEMA",가이 리치,"메나 마수드,윌 스미스,나오미 스콧"
11,암살,2015-07-22,"액션,드라마",15세이상관람가,한국,"필름,2D,4D",최동훈,"전지현(안옥윤),이정재(염석진),하정우(하와이 피스톨)"
12,범죄도시2,2022-05-18,"범죄,액션",15세이상관람가,한국,"2D,IMAX",이상용,"마동석(마석도),손석구(강해상),최귀화(전일만)"
13,"광해, 왕이 된 남자",2012-09-13,"사극,드라마",15세이상관람가,한국,"필름,2D",추창민,"이병헌(광해/하선),류승룡(허균),한효주(중전),장광(조내관),김인권(도부장),심은경(사월이),김명곤(박충수)"
14,신과함께-인과 연,2018-08-01,"판타지,드라마",12세이상관람가,한국,"2D,4D,IMAX",김용화,"하정우,주지훈,김향기(덕춘),마동석,김동욱"
15,택시운전사,2017-08-02,드라마,15세이상관람가,한국,"필름,2D",장훈,"송강호(김만섭),토마스 크레취만(위르겐 힌츠페터(피터)),류준열(구재식)"
16,부산행,2016-07-20,"액션,스릴러",15세이상관람가,한국,"2D,4D",연상호,"공유,정유미(성경),마동석,김수안(수안)"
17,변호인,2013-12-18,드라마,15세이상관람가,한국,"필름,2D",양우석,"송강호(송우석),김영애(최순애),오달수(박동호),곽도원(차동영),임시완(진우)"
18,해운대,2009-07-22,"액션,드라마,어드벤처",12세이상관람가,한국,"필름,2D,4D",윤제균,"설경구(최만식),하지원(강연희),박중훈(김휘),엄정화(이유진)"
19,어벤져스: 인피니티 워,2018-04-25,"액션,어드벤처,판타지,SF",12세이상관람가,미국,"2D,3D,4D,IMAX","안소니 루소,조 루소","로버트 다우니 주니어,조슈 브롤린,마크 러팔로,톰 히들스턴,크리스 에반스,크리스 헴스워스,제레미 레너,스칼렛 요한슨,엘리자베스 올슨,안소니 마키,폴 러드,기네스 팰트로우,폴 베타니,돈 치들,베네딕트 컴버배치,톰 홀랜드,크리스 프랫,조 샐다나,카렌 길런,브래들리 쿠퍼,빈 디젤,데이브 바티스타,세바스찬 스탠,채드윅 보스만,코비 스멀더스,베니치오 델 토로,피터 딘클리지,사무엘 L. 잭슨,다네이 거라이라,베네딕트 웡"
20,괴물,2006-07-27,"SF,가족,드라마",12세관람가,한국,"필름,2D",봉준호,"송강호(강두),변희봉(희봉),박해일(남일),배두나(남주),고아성(현서)"
21,아바타: 물의 길,2022-12-14,"액션,어드벤처,SF,스릴러",12세이상관람가,미국,"2D,3D,4D,IMAX,ScreenX,DOLBYCINEMA",제임스 카메론,"조 샐다나,샘 워싱턴,시고니 위버,스티븐 랭,케이트 윈슬렛"
22,왕의 남자,2005-12-29,드라마,15세이상관람가,한국,"필름,2D",이준익,"감우성(광대, 장생),이준기,유해진( 육갑),정진영(연산)"
23,어벤져스: 에이지 오브 울트론,2015-04-23,"액션,어드벤처,판타지,SF",12세이상관람가,미국,"필름,2D,3D,4D,IMAX",조스 웨던,"로버트 다우니 주니어,크리스 헴스워스,마크 러팔로,크리스 에반스,스칼렛 요한슨,제레미 레너,돈 치들,애론 테일러 존슨,엘리자베스 올슨,폴 베타니,코비 스멀더스,제임스 스페이더,사무엘 L. 잭슨,수현(닥터 조)"
24,인터스텔라,2014-11-06,SF,12세이상관람가,"미국,영국","필름,2D,4D,IMAX",크리스토퍼 놀란,"매튜 매커너히,앤 해서웨이,마이클 케인,제시카 차스테인,케이시 애플렉"
25,기생충,2019-05-30,드라마,15세이상관람가,한국,"2D,IMAX,흑백판",봉준호,"송강호(기택),이선균(동익),조여정(연교),최우식(기우),박소담(기정),이정은(문광),장혜진(충숙),박명훈(근세)"
26,겨울왕국,2014-01-16,"애니메이션,어드벤처,가족,코미디,뮤지컬,판타지",전체관람가,미국,"필름,2D,3D,4D","크리스 벅,제니퍼 리","이디나 멘젤(엘사 목소리 ),크리스틴 벨(안나 목소리 ),조나단 그로프(크리스토프 목소리 ),조시 게드(올라프 목소리 )"
27,보헤미안 랩소디,2018-10-31,드라마,12세이상관람가,미국,"2D,IMAX,ScreenX",브라이언 싱어,"라미 말렉,조셉 마젤로,마이크 마이어스,루시 보인턴"
28,검사외전,2016-02-03,"범죄,코미디",15세이상관람가,한국,2D,이일형,"황정민(변재욱),강동원(한치원)"
29,엑시트,2019-07-31,"코미디,액션",12세이상관람가,한국,"2D,4D,IMAX",이상근,"조정석(용남),임윤아(의주),설도희(보습학원 헬기부기장),최재영(다리 밑 드론시민),고두심(현옥),김환영(구름정원알바생2),변건우,황지현(편의점 앞 도망자),황효은(둘째누나)"
30,설국열차,2013-08-01,"SF,액션",15세이상관람가,"한국,체코","필름,2D",봉준호,"크리스 에반스,송강호,에드 해리스,존 허트,틸다 스윈튼,제이미 벨,옥타비아 스펜서,이완 브렘너,고아성,알리슨 필"
31,관상,2013-09-11,"사극,드라마",15세이상관람가,한국,"필름,2D",한재림,"송강호(내경),이정재(수양대군),백윤식(김종서),조정석(팽헌),이종석(내경 아들),김혜수(연홍)"
32,아이언맨 3,2013-04-25,"액션,어드벤처,SF",12세이상관람가,미국,"필름,2D,3D,4D,IMAX",쉐인 블랙,"로버트 다우니 주니어(토니 스타크),기네스 팰트로우(페퍼 포츠),벤 킹슬리(만다린),가이 피어스(올드리치 킬리언 ),레베카 홀(마야 헨슨),폴 베타니(쟈비스),존 파브로(해피 호건)"
33,캡틴 아메리카: 시빌 워,2016-04-27,"액션,SF,스릴러",12세이상관람가,미국,"2D,3D,4D,IMAX","안소니 루소,조 루소","크리스 에반스,로버트 다우니 주니어,스칼렛 요한슨,세바스찬 스탠,안소니 마키,돈 치들,제레미 레너"
34,해적: 바다로 간 산적,2014-08-06,어드벤처,12세이상관람가,한국,"필름,2D,4D",이석훈,"김남길,손예진,신정근"
35,수상한 그녀,2014-01-22,드라마,15세이상관람가,한국,"필름,2D,4D",황동혁,"심은경(오두리),나문희(오말순),박인환(박씨),성동일(현철),이진욱(승우)"
36,백두산,2019-12-19,"어드벤처,드라마",12세이상관람가,한국,"2D,4D","이해준,김병서","이병헌(리준평),하정우(조인창),마동석(강봉래),전혜진(전유경),배수지(최지영)"
37,과속스캔들,2008-12-03,코미디,12세이상관람가,한국,"필름,2D",강형철,"차태현(남현수),박보영(황정남),왕석현(황기동)"
38,탑건: 매버릭,2022-06-22,액션,12세이상관람가,미국,"2D,4D,IMAX,ScreenX,DOLBYCINEMA",조셉 코신스키,"톰 크루즈,마일즈 텔러,제니퍼 코넬리"
39,국가대표,2009-07-29,"드라마,액션,코미디",12세이상관람가,한국,"필름,2D",김용화,"하정우(밥/차헌태),성동일(방 코치 ),김지석(강칠구),김동욱(최흥철),최재환,이재응(강봉구),이은성(방 코치의 딸, 방수연 ),심영(약사1)"
40,스파이더맨: 파 프롬 홈,2019-07-02,"액션,어드벤처,코미디,SF",12세이상관람가,미국,"2D,3D,4D,IMAX,ScreenX,DOLBYCINEMA",존 왓츠,"톰 홀랜드,사무엘 L. 잭슨,젠데이아 콜먼,코비 스멀더스,존 파브로,마리사 토메이,제이크 질렌할,제이콥 배덜런"
41,디워,2007-08-01,"액션,판타지",12세이상관람가,한국,"필름,2D",심형래,"브룩스 아만다,베어 제이슨"
42,공조,2017-01-18,액션,15세이상관람가,한국,"2D,4D",김성훈,"현빈,유해진(강진태),김주혁,장영남,이해영(표반장),임윤아,이동휘"
43,트랜스포머 3,2011-06-29,"액션,어드벤처",12세이상관람가,미국,"필름,2D,3D,4D,IMAX",마이클 베이,"조쉬 더하멜(Lt. 코널 윌리엄 레녹스),존 말코비치(브루스 ),로지 헌팅턴-휘틀리(칼리 ),샤이아 라보프(샘 윗윅키 ),패트릭 뎀시(딜런 )"
44,히말라야,2015-12-16,드라마,12세이상관람가,한국,"필름,2D",이석훈,"황정민,정우"
45,스파이더맨: 노 웨이 홈,2021-12-15,"액션,어드벤처,SF",12세이상관람가,미국,"2D,4D,IMAX,ScreenX,DOLBYCINEMA",존 왓츠,"톰 홀랜드(피터 파커/스파이더맨),젠데이아 콜먼(MJ),베네딕트 컴버배치(닥터 스트레인지),제이콥 배덜런(네드 리즈),존 파브로(해피 호건),마리사 토메이(메이 숙모)"
46,미션임파서블:고스트프로토콜,2011-12-15,액션,15세이상관람가,미국,"필름,2D,4D,IMAX",브래드 버드,"톰 크루즈,제레미 레너"
47,밀정,2016-09-07,액션,15세이상관람가,"한국,미국","2D,4D",김지운,"송강호,공유"
48,최종병기 활,2011-08-10,"사극,액션",15세이상관람가,한국,"필름,2D,4D",김한민,"박해일(남이),류승룡(쥬신타),김무열(서군),문채원(자인)"
49,트랜스포머,2007-06-28,"SF,액션,어드벤처",12세이상관람가,미국,"필름,2D,IMAX",마이클 베이,"샤이아 라보프(샘 윗윅키),메간 폭스"
50,트랜스포머: 패자의 역습,2009-06-24,"SF,액션,어드벤처",12세이상관람가,미국,"필름,2D,IMAX",마이클 베이,"샤이아 라보프(샘 윗윅키),메간 폭스(미카엘라 바니스)"
51,써니,2011-05-04,"드라마,코미디",15세이상관람가,한국,"필름,2D",강형철,"유호정(나미),심은경(어린 나미),강소라(어린 춘화),고수희(장미),홍진희(진희),김민영,김선경,김보미(어린 복희),이연경(금옥),남보라(어린금옥),민효린,조민수(과거 사진 특별출연)"
52,한산: 용의 출현,2022-07-27,"액션,드라마",12세이상관람가,한국,"2D,4D,IMAX,ScreenX",김한민,"박해일(이순신),변요한(와키자카 야스하루),안성기(어영담),손현주(원균),김성규(준사),김성균(가토),김향기(보름),옥택연(임준영),공명(이억기),박지환(나대용),조재윤(마나베 사마노조),김효주(기생10)"
53,스파이더맨: 홈 커밍,2017-07-05,"액션,어드벤처,SF",12세이상관람가,미국,"2D,3D,4D,IMAX",존 왓츠,"톰 홀랜드,로버트 다우니 주니어,마이클 키튼"
54,1987,2017-12-27,드라마,15세이상관람가,한국,2D,장준환,"김윤석,하정우,유해진,김태리(연희),이희준(윤상삼 기자 )"
55,베를린,2013-01-30,액션,15세이상관람가,"한국,독일","필름,2D,4D",류승완,"하정우(표종성),한석규(정진수),류승범(동명수),전지현(련정희)"
56,마스터,2016-12-21,"액션,범죄",15세이상관람가,한국,2D,조의석,"이병헌(진회장),강동원(김재명),김우빈(박장군)"
57,터널,2016-08-10,드라마,12세이상관람가,한국,2D,김성훈,"하정우,배두나,오달수"
58,어벤져스,2012-04-26,"액션,SF",12세이상관람가,미국,"필름,2D,3D,4D,IMAX",조스 웨던,"로버트 다우니 주니어(토니 스타크/ 아이언 맨),스칼렛 요한슨(나타샤 로마노프/블랙 위도우),크리스 헴스워스(토르),크리스 에반스(스티브 로저/캡틴 아메리카),제레미 레너(호크 아이)"
59,내부자들,2015-11-19,"범죄,드라마",청소년관람불가,한국,"필름,2D",우민호,"이병헌(안상구),조승우(우장훈),백윤식(이강희)"
60,인천상륙작전,2016-07-27,"전쟁,드라마",12세이상관람가,한국,"2D,3D",이재한,"이정재(장학수),이범수(림계진),리암 니슨(더글러스 맥아더)"
61,공조2: 인터내셔날,2022-09-07,"액션,코미디",15세이상관람가,한국,2D,이석훈,"현빈,유해진,임윤아,다니엘 헤니,진선규"
62,럭키,2016-10-13,코미디,15세이상관람가,한국,2D,이계벽,"유해진,이준(재성),조윤희,임지연"
63,은밀하게 위대하게,2013-06-05,"액션,코미디,드라마",15세이상관람가,한국,"필름,2D",장철수,"김수현(원류환),박기웅(리해랑),이현우(리해진),손현주(김태원),신정근(이발소 박씨)"
64,범죄도시,2017-10-03,"범죄,액션",청소년관람불가,한국,2D,강윤성,"마동석(마석도),윤계상(장첸),조재윤,최귀화,김성규(양태)"
65,곡성,2016-05-12,"미스터리,스릴러,드라마",15세이상관람가,"한국,미국","필름,2D",나홍진,"곽도원(종구),황정민(일광),쿠니무라 준(외지인),천우희(무명),김환희(효진)"
66,화려한 휴가,2007-07-25,드라마,12세이상관람가,한국,필름,김지훈,"김상경,안성기,이요원(박신애),이준기,박철민(인봉 역 )"
67,"좋은 놈, 나쁜 놈, 이상한 놈",2008-07-17,"서부극(웨스턴),액션,어드벤처",15세이상관람가,한국,"필름,2D,4D",김지운,"송강호(이상한 놈, 윤태구),이병헌(나쁜 놈, 박창이),정우성(좋은 놈, 박도원),엄지원,오일용(창이파)"
68,늑대소년,2012-10-31,"멜로/로맨스,드라마,판타지",15세이상관람가,한국,"필름,2D",조성희,"송중기(늑대소년),박보영(소녀)"
69,군함도,2017-07-26,"액션,드라마",15세이상관람가,한국,"필름,2D,4D",류승완,"황정민(이강옥),소지섭(최칠성),송중기(박무영),이정현(오말년),김수안(이소희)"
70,미션 임파서블: 폴아웃,2018-07-25,"액션,스릴러",15세이상관람가,미국,"2D,3D,4D,IMAX",크리스토퍼 맥쿼리,"톰 크루즈,레베카 퍼거슨,바네사 커비,미셸 모나한,헨리 카빌,안젤라 바셋,사이먼 페그,알렉 볼드윈"
71,웰컴 투 동막골,2005-08-04,"전쟁,드라마",12세관람가,한국,"필름,2D",박광현,"신하균,정재영,강혜정(여일),리민"
72,다크 나이트 라이즈,2012-07-19,"액션,범죄,스릴러",15세이상관람가,"미국,영국","필름,2D,4D,IMAX",크리스토퍼 놀란,"크리스찬 베일(브루스 웨인/배트맨),게리 올드만(짐 고든),앤 해서웨이(셀리나 카일),톰 하디(베인),조셉 고든 레빗(존 블레이크)"
73,사도,2015-09-16,사극,12세이상관람가,한국,"필름,2D",이준익,"송강호,유아인,문근영(혜경궁 홍씨 )"
74,아저씨,2010-08-04,"액션,드라마",청소년관람불가,한국,"필름,2D",이정범,"원빈(차태식),김새론(소미)"
75,킹스맨 : 시크릿 에이전트,2015-02-11,"액션,스릴러",청소년관람불가,"미국,영국","필름,2D,4D,IMAX",매튜 본,"콜린 퍼스,태런 에저튼,사무엘 L. 잭슨,마이클 케인"
76,미션 임파서블: 로그네이션,2015-07-30,"액션,스릴러,어드벤처",15세이상관람가,미국,"필름,2D,4D,IMAX",크리스토퍼 맥쿼리,"톰 크루즈,제레미 레너,사이먼 페그,알렉 볼드윈,레베카 퍼거슨"
77,미녀는 괴로워,2006-12-14,"멜로/로맨스,코미디",12세이상관람가,한국,필름,김용화,"김아중,주진모"
78,전우치,2009-12-23,"액션,코미디,판타지",12세이상관람가,한국,"필름,2D,4D",최동훈,"강동원,임수정(서인경 ),김윤석(화담),유해진,김시권,주진모(무당),선우선"
79,연평해전,2015-06-24,드라마,12세이상관람가,한국,"필름,2D,3D",김학순,"김무열(윤영하),진구(한상국),이현우(박동혁),이완"
80,인셉션,2010-07-21,"드라마,미스터리",12세이상관람가,미국,"필름,2D,4D,IMAX",크리스토퍼 놀란,레오나르도 디카프리오(코브)
81,레미제라블,2012-12-19,드라마,12세이상관람가,미국,"필름,2D,IMAX",톰 후퍼,"휴 잭맨,러셀 크로우,앤 해서웨이,아만다 사이프리드,헬레나 본햄 카터"
82,닥터 스트레인지: 대혼돈의 멀티버스,2022-05-04,"액션,어드벤처,판타지",12세이상관람가,미국,"2D,3D,4D,IMAX,ScreenX,DOLBYCINEMA",샘 레이미,"베네딕트 컴버배치(닥터 스트레인지),엘리자베스 올슨(완다 막시모프/스칼렛 위치),베네딕트 웡(웡),레이첼 맥아담스(크리스틴 팔머),치웨텔 에지오포(모르도 남작),소치틀 고메즈(아메리카 차베즈)"
83,캡틴 마블,2019-03-06,"액션,어드벤처,SF",12세이상관람가,미국,"2D,3D,4D,IMAX,ScreenX","애너 보든,라이언 플렉","브리 라슨,사무엘 L. 잭슨,벤 멘델슨,주드 로"
84,타짜,2006-09-28,드라마,18세관람가,한국,"필름,2D",최동훈,"조승우(고니),김혜수(정 마담),백윤식(평경장),유해진(고광렬),이수경(화란)"
85,쥬라기 월드: 폴른 킹덤,2018-06-06,"액션,어드벤처,SF",12세이상관람가,미국,"2D,3D,4D,IMAX",후안 안토니오 바요나,"크리스 프랫,브라이스 달라스 하워드,제프 골드블럼"
86,청년경찰,2017-08-09,액션,15세이상관람가,한국,2D,김주환,"박서준(기준),강하늘(희열),성동일,박하선"
87,숨바꼭질,2013-08-14,스릴러,15세이상관람가,한국,"필름,2D",허정,"손현주,문정희,전미선(민지)"
88,덕혜옹주,2016-08-03,"사극,드라마",12세이상관람가,한국,2D,허진호,"손예진(덕혜옹주),박해일(김장한)"
89,더 테러 라이브,2013-07-31,"범죄,기타",15세이상관람가,한국,"필름,2D",김병우,"하정우(윤영화),이경영(차대은),전혜진(박정민),이다윗(박신우)"
90,쥬라기 월드,2015-06-11,"액션,어드벤처,SF",12세이상관람가,미국,"필름,2D,3D,4D,IMAX",콜린 트레보로우,"크리스 프랫,주디 그리어,브라이스 달라스 하워드,케이티 맥그라스,제이크 존슨,빈센트 도노프리오"
91,감시자들,2013-07-03,"범죄,액션",15세이상관람가,한국,"필름,2D","조의석,김병서","설경구(황반장),정우성(제임스),한효주(하윤주),진경(이실장),이준호(다람쥐)"
92,앤트맨과 와스프,2018-07-04,"액션,어드벤처,SF",12세이상관람가,미국,"2D,3D,4D,IMAX",페이튼 리드,"폴 러드,에반젤린 릴리,마이클 더글라스,미셀 파이퍼,로렌스 피쉬번,해나 존-케이먼"
93,닥터 스트레인지,2016-10-26,"액션,어드벤처,판타지",12세이상관람가,미국,"2D,3D,4D,IMAX",스콧 데릭슨,"베네딕트 컴버배치,레이첼 맥아담스,틸다 스윈튼,매즈 미켈슨,치웨텔 에지오포"
94,검은 사제들,2015-11-05,"미스터리,드라마",15세이상관람가,한국,"필름,2D",장재현,"김윤석,강동원"
95,안시성,2018-09-19,"사극,액션",12세이상관람가,한국,"2D,4D",김광식,"조인성(양만춘),남주혁(사물),박성웅(당태종 이세민),김동진(군중 후시녹음 배우)"
96,의형제,2010-02-04,"드라마,액션",15세이상관람가,한국,"필름,2D",장훈,"송강호(이한규),강동원(송지원)"
97,블랙 팬서,2018-02-14,"액션,드라마,SF",12세이상관람가,미국,"2D,3D,4D,IMAX",라이언 쿠글러,채드윅 보스만(티찰라 / 블랙 팬서 역)
98,2012,2009-11-12,"SF,액션,어드벤처",12세이상관람가,미국,"필름,2D,3D",롤랜드 에머리히,"존 쿠삭 (잭슨 커티스 ),아만다 피트(케이트 커티스 ),올리버 플랫(칼 앤휴저 ),탠디 뉴튼(로라 윌슨 ),치웨텔 에지오포(애드리언 헬슬리 )"
99,더 킹,2017-01-18,"범죄,드라마",15세이상관람가,한국,2D,한재림,"조인성(박태수),정우성(한강식),배성우(양동철),류준열(최두일),김의성(김응수),이석호(2부 검사2)"
100,완득이,2011-10-20,드라마,12세이상관람가,한국,"필름,2D",이한,"김윤석(동주 ),유아인"
101,트랜스포머: 사라진 시대,2014-06-25,"액션,SF,어드벤처",12세이상관람가,미국,"필름,2D,3D,4D,IMAX",마이클 베이,"마크 월버그,니콜라 펠츠,잭 레이너,스탠리 투치,리빙빙"
102,완벽한 타인,2018-10-31,"드라마,코미디",15세이상관람가,한국,2D,이재규,"유해진,조진웅(석호),이서진(준모),염정아,김지수(예진),송하윤,윤경호(영배)"
103,조커,2019-10-02,"액션,드라마,스릴러",15세이상관람가,미국,"2D,IMAX",토드 필립스,"호아킨 피닉스,재지 비츠,로버트 드 니로,프란시스 콘로이,브렛 컬렌"
104,월드 워 Z,2013-06-20,"드라마,스릴러,SF,액션,어드벤처",15세이상관람가,미국,"필름,2D,3D,4D",마크 포스터,"브래드 피트(제리 레인),미레유 에노스(카린 레인),매튜 폭스"
105,타워,2012-12-25,드라마,12세이상관람가,한국,"필름,2D",김지훈,"설경구(강영기 ),손예진(서윤희 ),김상경(이대호 ),차인표(조사장),조민아(이하나)"
106,미녀와 야수,2017-03-16,"멜로/로맨스,판타지,뮤지컬",전체관람가,미국,"2D,3D,4D,IMAX",빌 콘돈,"엠마 왓슨,댄 스티븐스,루크 에반스,이완 맥그리거,이안 맥켈런,엠마 톰슨,구구 바샤-로,케빈 클라인,스탠리 투치"
107,미션 임파서블 3,2006-05-03,액션,15세관람가,미국,"필름,2D",J.J. 에이브럼스,톰 크루즈(에단 헌트)
108,투사부일체,2006-01-19,코미디,15세관람가,한국,필름,김동원,"정준호,정웅인,김상중"
109,쿵푸팬더 2,2011-05-26,"애니메이션,액션,어드벤처,코미디,가족",전체관람가,미국,"필름,2D,3D,4D,IMAX",여인영,"더스틴 호프만(렛서팬더/사부, 시푸 ),잭 블랙(팬더곰, 포),안젤리나 졸리(호랑이, 타이그리스 목소리 ),성룡(원숭이,몽키 목소리)"
110,독전,2018-05-22,"범죄,액션",15세이상관람가,한국,2D,이해영,"조진웅(원호),류준열(락),김주혁(하림),김성령(오연옥),박해준(박선창),차승원(브라이언),진서연"
111,추격자,2008-02-14,"범죄,스릴러,액션",청소년관람불가,한국,"필름,2D",나홍진,"김윤석(전직 형사, 엄중호),하정우(연쇄살인범, 지영민)"
112,아쿠아맨,2018-12-19,액션,12세이상관람가,"미국,호주","2D,3D,4D,IMAX,ScreenX,DOLBYCINEMA",제임스 완,"제이슨 모모아,앰버 허드,니콜 키드먼,패트릭 윌슨,윌렘 데포,돌프 룬드그렌"
113,공작,2018-08-08,드라마,12세이상관람가,한국,2D,윤종빈,"황정민,이성민(리명운),조진웅(학성),주지훈"
114,인사이드 아웃,2015-07-09,"애니메이션,코미디",전체관람가,미국,"필름,2D,3D,IMAX",피트 닥터,"다이안 레인,에이미 포엘러,카일 맥라클란,민디 캘링,빌 헤이더"
115,킹스맨: 골든 서클,2017-09-27,"액션,어드벤처,코미디",청소년관람불가,"미국,영국","2D,4D,IMAX",매튜 본,"콜린 퍼스,줄리안 무어,태런 에저튼,마크 스트롱,할리 베리,엘튼 존,채닝 테이텀,제프 브리지스"
116,바람과 함께 사라지다,2012-08-08,"코미디,사극",12세이상관람가,한국,"필름,2D",김주호,"차태현(이덕무),오지호(백동수),민효린(백수련),성동일(장수균),고창석(홍석창),송종호(김재준),이채영(유설화),김길동(김철주),김향기(난이)"
117,마션,2015-10-08,"액션,어드벤처,SF",12세이상관람가,미국,"필름,2D,3D,4D,IMAX",리들리 스콧,"맷 데이먼,제시카 차스테인,제프 다니엘스,케이트 마라,크리스틴 위그"
118,토르: 라그나로크,2017-10-25,"액션,어드벤처,판타지,SF",12세이상관람가,미국,"2D,4D,IMAX",타이카 와이티티,"크리스 헴스워스,톰 히들스턴,케이트 블란쳇,이드리스 엘바,제프 골드블럼,테사 톰슨,칼 어번,마크 러팔로,안소니 홉킨스"
119,어메이징 스파이더맨,2012-06-28,액션,12세이상관람가,미국,"필름,2D,3D,4D,IMAX",마크 웹,"앤드류 가필드,엠마 스톤,마틴 쉰,샐리 필드"
120,"님아, 그 강을 건너지 마오",2014-11-27,다큐멘터리,전체관람가,한국,"필름,2D",진모영,"조병만,강계열"
121,봉오동 전투,2019-08-07,"사극,액션,드라마",15세이상관람가,한국,2D,원신연,"유해진(황해철),류준열(이장하),조우진(마병구)"
122,조선명탐정 : 각시투구꽃의 비밀,2011-01-27,"코미디,액션",12세이상관람가,한국,"필름,2D",김석윤,"김명민(명탐정),한지민(한객주),오달수(개장수)"
123,군도: 민란의 시대,2014-07-23,"사극,액션",15세이상관람가,한국,"필름,2D,4D",윤종빈,"하정우,강동원,조진웅(이태기),마동석,정만식(양 집사),김성균,주진모,이경영(땡추)"
124,남산의 부장들,2020-01-22,드라마,15세이상관람가,한국,2D,우민호,"이병헌(김규평),이성민(박통),곽도원(박용각),이희준(곽상천),김소진(데보라 심)"
125,라이온 킹,2019-07-17,"어드벤처,드라마,가족",전체관람가,미국,"2D,3D,4D,IMAX",존 파브로,"도날드 글로버,비욘세 놀즈,제임스 얼 존스,치웨텔 에지오포,세스 로건"
126,범죄와의 전쟁: 나쁜놈들 전성시대,2012-02-02,"범죄,드라마",청소년관람불가,한국,"필름,2D",윤종빈,"최민식(최익현 ),하정우(최형배 )"
127,주토피아,2016-02-17,"애니메이션,액션,어드벤처",전체관람가,미국,"2D,3D,4D","바이론 하워드,리치 무어","지니퍼 굿윈,제이슨 베이트먼,샤키라"
128,엣지 오브 투모로우,2014-06-04,"액션,SF",12세이상관람가,미국,"필름,2D,3D,4D,IMAX",더그 라이만,"톰 크루즈,에밀리 블런트,빌 팩스톤"
129,신세계,2013-02-21,"범죄,액션",청소년관람불가,한국,"필름,2D",박훈정,"이정재(이자성),최민식(강과장),황정민(정청)"
130,신비한 동물사전,2016-11-16,"어드벤처,가족,판타지",12세이상관람가,"미국,영국","2D,3D,4D,IMAX",데이빗 예이츠,"에디 레드메인,콜린 파렐,캐서린 워터스턴,앨리슨 수돌,댄 포글러,사만다 모튼,젠 머레이"
131,도가니,2011-09-22,드라마,청소년관람불가,한국,"필름,2D",황동혁,"정유미(서유진),공유"
132,쿵푸 팬더,2008-06-05,"애니메이션,코미디,액션,가족",전체관람가,미국,"필름,2D,IMAX","마크 오스본,존 스티븐슨","더스틴 호프만,루시 루,잭 블랙,안젤리나 졸리,성룡,김기현"
133,내 아내의 모든 것,2012-05-17,"코미디,멜로/로맨스",15세이상관람가,한국,"필름,2D",민규동,"임수정(정인),이선균(두현),류승룡(성기)"
134,스파이더맨 3,2007-05-01,"액션,SF",12세이상관람가,미국,필름,샘 레이미,"토비 맥과이어,커스틴 던스트"
135,판도라,2016-12-07,"드라마,스릴러",12세이상관람가,한국,"2D,4D",박정우,"김남길,김영애,문정희,정진영,이경영,강신일,김대명,유승목,김주현,김명민"
136,맘마미아!,2008-09-03,"멜로/로맨스,뮤지컬",12세이상관람가,미국,"필름,2D",필리다 로이드,"아만다 사이프리드,메릴 스트립,콜린 퍼스"
137,나쁜 녀석들: 더 무비,2019-09-11,"범죄,액션",15세이상관람가,한국,2D,손용호,"마동석(박웅철),김상중(오구탁),김아중(곽노순),장기용(고유성)"
138,캐리비안의 해적: 세상의 끝에서,2007-05-23,"액션,코미디,어드벤처,판타지",12세이상관람가,미국,필름,고어 버빈스키,"조니 뎁,올랜도 블룸"
139,가문의 위기(가문의 영광2),2005-09-07,코미디,15세관람가,한국,필름,정용기,"신현준,김수미,김원희,정준하(종면)"
140,연가시,2012-07-05,"공포(호러),SF",15세이상관람가,한국,"필름,2D",박정우,"김명민(재혁),문정희(경순),김동완(재필),이하늬(연주)"
141,터미네이터 : 미래전쟁의 시작,2009-05-21,"SF,액션",15세이상관람가,미국,"필름,2D",맥지,"크리스찬 베일(존 코너),샘 워싱턴(마커스 라이트),문 블러드굿(블레어 윌리엄스),안톤 옐친(카일 리스)"
142,강철비,2017-12-14,"액션,드라마",15세이상관람가,한국,2D,양우석,"정우성,곽도원"
143,아이언맨 2,2010-04-29,"SF,액션,어드벤처",12세이상관람가,미국,"필름,2D,4D,IMAX",존 파브로,"로버트 다우니 주니어,기네스 팰트로우,돈 치들,스칼렛 요한슨,미키 루크"
144,해리포터와 죽음의 성물2,2011-07-13,"판타지,미스터리",전체관람가,미국,"필름,2D,3D,4D,IMAX",데이빗 예이츠,"다니엘 래드클리프(해리 포터 ),엠마 왓슨(헤르미온느),루퍼트 그린트(론 웨슬리)"
145,더 퍼스트 슬램덩크,2023-01-04,애니메이션,12세이상관람가,일본,"2D,IMAX,DOLBYCINEMA",이노우에 다케히코,
146,다만 악에서 구하소서,2020-08-05,"범죄,액션",15세이상관람가,한국,2D,홍원찬,"황정민(인남),이정재(레이),박정민(유이),박소이(유민)"
147,헌트,2022-08-10,"액션,드라마",15세이상관람가,한국,2D,이정재,"이정재(박평호),정우성(김정도),전혜진(방주경),허성태(장철성),고윤정(조유정),김종수(안부장),정만식(양보성)"
148,엑스맨: 데이즈 오브 퓨처 패스트,2014-05-22,"액션,판타지,SF,어드벤처",12세이상관람가,미국,"필름,2D,3D,4D",브라이언 싱어,"휴 잭맨,제임스 맥어보이,마이클 패스벤더,제니퍼 로렌스"
149,강철중: 공공의 적 1-1,2008-06-19,"드라마,액션",15세이상관람가,한국,"필름,2D",강우석,"설경구,정재영,김영필(준만)"
150,아이언맨,2008-04-30,"SF,드라마,액션",12세이상관람가,미국,"필름,2D,4D",존 파브로,"로버트 다우니 주니어(토니 스타크 / 아이언 맨),테렌스 하워드(제임스 로드 ),제프 브리지스(오베디아 스탠 ),기네스 팰트로우(버지니아 펩퍼 포츠 )"
151,아가씨,2016-06-01,"스릴러,드라마",청소년관람불가,한국,2D,박찬욱,"김민희(아가씨),김태리(숙희),하정우(백작),조진웅(이모부)"
152,박물관이 살아있다!,2006-12-21,"코미디,어드벤처",전체관람가,미국,필름,숀 레비,"벤 스틸러(래리 데일리),로빈 윌리엄스(테디 루즈벨트)"
153,다크 나이트,2008-08-06,"범죄,드라마,액션,미스터리",15세이상관람가,미국,"필름,2D,4D,IMAX",크리스토퍼 놀란,"크리스찬 베일(브루스 웨인/ 배트맨),마이클 케인(알프레드),히스 레저(조커)"
154,말아톤,2005-01-27,드라마,전체관람가,한국,필름,정윤철,"조승우(윤초원),김미숙(초원 엄마, 경숙)"
155,어메이징 스파이더맨 2,2014-04-23,"액션,판타지",12세이상관람가,미국,"필름,2D,3D,4D,IMAX",마크 웹,"앤드류 가필드,엠마 스톤,제이미 폭스,데인 드한"
156,용의자,2013-12-24,"액션,스릴러",15세이상관람가,한국,"필름,2D,4D",원신연,"공유(지동철),박희순(민세훈),조성하(김석호),유다인(최경희),김성균(리광조),조재윤"
157,건축학개론,2012-03-22,"멜로/로맨스,드라마",12세이상관람가,한국,"필름,2D",이용주,"엄태웅(현재 승민 ),한가인(현재 서연 ),이제훈(과거 승민),배수지(과거 서연)"
158,인디아나 존스 4 : 크리스탈 해골의 왕국,2008-05-22,"액션,어드벤처",12세이상관람가,미국,필름,스티븐 스필버그,"해리슨 포드,샤이아 라보프(머트 윌리엄스)"
159,미이라 3:황제의 무덤,2008-07-30,"액션,어드벤처,판타지",12세이상관람가,미국,필름,롭 코헨,"브렌든 프레이저,마리아 벨로,이연걸"
160,댄싱퀸,2012-01-18,"코미디,드라마",12세이상관람가,한국,"필름,2D",이석훈,"황정민,엄정화(엄정화)"
161,7급 공무원,2009-04-22,"코미디,액션,드라마,범죄",12세이상관람가,한국,"필름,2D",신태라,"김하늘(안수지),강지환(이재준),임성현(산업보안팀 현장요원)"
162,우리 생애 최고의 순간,2008-01-10,드라마,전체관람가,한국,필름,임순례,"문소리(미숙),김정은(혜경),엄태웅(대표팀 감독),김지영(송정란),조은지(골키퍼 수희),강재원(해설자)"
163,꾼,2017-11-22,범죄,15세이상관람가,한국,2D,장창원,"현빈,유지태(박희수 검사)"
164,타짜-신의 손,2014-09-03,드라마,청소년관람불가,한국,"필름,2D",강형철,"최승현(함대길),신세경(허미나),곽도원(장동식),유해진(고광렬),김윤석(아귀 ),이하늬(우사장),김인권(허광철),이경영(꼬장),고수희(송마담 ),오정세(서실장)"
165,혹성탈출: 반격의 서막,2014-07-10,"액션,드라마,SF,스릴러",12세이상관람가,미국,"필름,2D,3D,4D",맷 리브스,"앤디 서키스,게리 올드만,제이슨 클락"
166,쿵푸팬더3,2016-01-28,"애니메이션,액션,어드벤처",전체관람가,미국,"2D,3D,4D,IMAX","여인영,알레산드로 칼로니","잭 블랙(포),안젤리나 졸리(타이그리스),더스틴 호프만(시푸),성룡(몽키),세스 로건(맨티스),루시 리우(바이퍼),데이빗 크로스(크레인),J.K. 시몬스(카이)"
167,캡틴 아메리카: 윈터 솔져,2014-03-26,"액션,어드벤처,SF",15세이상관람가,미국,"필름,2D,3D,4D,IMAX","조 루소,안소니 루소","크리스 에반스,스칼렛 요한슨,사무엘 L. 잭슨,로버트 레드포드"
168,스즈메의 문단속,2023-03-08,애니메이션,12세이상관람가,일본,"2D,4D,IMAX,DOLBYCINEMA",신카이 마코토,
169,매드 맥스: 분노의 도로,2015-05-14,"액션,어드벤처,스릴러",15세이상관람가,"미국,호주","필름,2D,3D,4D,IMAX",조지 밀러,"톰 하디,샤를리즈 테론,니콜라스 홀트,휴 키즈 바인"
170,캐리비안의 해적 : 망자의 함,2006-07-06,"액션,코미디,어드벤처,판타지",12세관람가,미국,필름,고어 버빈스키,"조니 뎁(캡틴 잭 스패로우),올랜도 블룸(윌 터너)"
171,박수건달,2013-01-09,코미디,15세이상관람가,한국,"필름,2D",조진규,"박신양(광호),김정태(태주),엄지원(명보살),정혜영(미숙)"
172,베놈,2018-10-03,"액션,SF,스릴러",15세이상관람가,미국,"2D,4D,IMAX",루벤 플레셔,"톰 하디,미쉘 윌리엄스,리즈 아메드,제니 슬레이트"
173,조선명탐정 : 사라진 놉의 딸,2015-02-11,"사극,코미디,어드벤처",12세이상관람가,한국,"필름,2D",김석윤,"김명민,오달수,이연희"
174,역린,2014-04-30,사극,15세이상관람가,한국,"필름,2D,4D",이재규,"현빈(정조),정재영,조정석,한지민(정순왕후),조재현,박성웅(홍국영),김성령,정은채"
175,남한산성,2017-10-03,"사극,드라마",15세이상관람가,한국,2D,황동혁,"이병헌(최명길),김윤석,박해일(인조),고수(서날쇠),박희순,조우진"
176,너의 이름은.,2017-01-04,"애니메이션,드라마,멜로/로맨스",12세이상관람가,일본,"2D,IMAX",신카이 마코토,"카미키 류노스케(타치바나 타키 역),카미시라이시 모네(미야미즈 미츠하 역),나가사와 마사미(오쿠데라 미키 역),이치하라 에수코(미야미즈 히토하 역),유키 아오이(나토리 사야카 역),시마자키 노부나가(후지이 츠카사 역),이시카와 카이토(타카기 신타 역),타니 카논(미야미즈 요츠하 역)"
177,반도,2020-07-15,"액션,드라마",15세이상관람가,한국,"2D,4D,IMAX,ScreenX",연상호,"강동원(한정석),이정현(민정)"
178,암수살인,2018-10-03,"범죄,드라마",15세이상관람가,한국,2D,김태균,"김윤석(김형민),주지훈,문정희,진선규,이유준(박사장)"
179,데드풀 2,2018-05-16,"액션,어드벤처,코미디,SF",청소년관람불가,미국,"2D,4D,IMAX",데이빗 레이치,"라이언 레이놀즈,조슈 브롤린,재지 비츠,모레나 바카린,브리아나 힐데브란드"
180,라라랜드,2016-12-07,"드라마,뮤지컬,멜로/로맨스",12세이상관람가,미국,"2D,IMAX,DOLBYCINEMA",데이미언 셔젤,"엠마 스톤,라이언 고슬링,핀 위트록,J.K. 시몬스"
181,국가부도의 날,2018-11-28,드라마,12세이상관람가,한국,2D,최국희,"김혜수(한시현),유아인,허준호,조우진,뱅상 카셀"
182,쌍화점,2008-12-30,드라마,청소년관람불가,한국,"필름,2D",유하,"조인성(호위무사, 홍림 ),주진모(고려 왕),송지효(왕후),임주환(건룡위, 한백),여욱환(건룡위, 임보 )"
183,신기전,2008-09-04,"사극,드라마,액션,전쟁",15세이상관람가,한국,"필름,2D",김유진,"정재영,한은정(홍리),허준호"
184,해리 포터와 불사조 기사단,2007-07-11,"판타지,액션,어드벤처",전체관람가,미국,"필름,2D,4D",데이빗 예이츠,"다니엘 래드클리프,루퍼트 그린트"
185,미이라,2017-06-06,"액션,어드벤처,판타지",15세이상관람가,미국,"2D,3D,4D,IMAX",알렉스 커츠먼,"톰 크루즈,소피아 부텔라,애나벨 월리스,러셀 크로우,하비에르 보텟,제이크 존슨,코트니 B. 반스"
186,82년생 김지영,2019-10-23,드라마,12세이상관람가,한국,2D,김도영,"정유미(지영),공유(대현),김국희(수빈엄마)"
187,분노의 질주: 더 익스트림,2017-04-12,"액션,범죄,스릴러",15세이상관람가,"미국,일본,프랑스,캐나다","2D,4D,IMAX,DOLBYCINEMA",F. 게리 그레이,"빈 디젤,드웨인 존슨,샤를리즈 테론,제이슨 스타뎀,스콧 이스트우드,커트 러셀,미셸 로드리게즈"
188,분노의 질주: 홉스&쇼,2019-08-14,액션,12세이상관람가,미국,"2D,4D,IMAX,DOLBYCINEMA",데이빗 레이치,"드웨인 존슨,제이슨 스타뎀,이드리스 엘바,바네사 커비"
189,모가디슈,2021-07-28,"액션,드라마",15세이상관람가,한국,"2D,4D,IMAX,ScreenX",류승완,"김윤석(한신성 대사),조인성(강대진 참사관),허준호(림용수 대사),구교환(태준기 참사관),김소진(김명희),정만식(공수철 서기관)"
190,인턴,2015-09-24,코미디,12세이상관람가,미국,"필름,2D",낸시 마이어스,"앤 해서웨이,로버트 드 니로,르네 루소,냇 울프,아담 드바인,앤드류 라넬스"
191,귀향,2016-02-24,드라마,15세이상관람가,한국,2D,조정래,"손숙(영옥(영희)),강하나(정민),최리(은경),임성철(류스케),정무성,류신"
192,리얼 스틸,2011-10-12,"액션,드라마,SF",12세이상관람가,미국,"필름,2D,4D,IMAX",숀 레비,휴 잭맨
193,신의 한 수,2014-07-03,"범죄,액션",청소년관람불가,한국,"필름,2D",조범구,"정우성,안성기,이범수,김인권,이시영,안길강(허 목수),최진혁"
194,코코,2018-01-11,애니메이션,전체관람가,미국,"2D,4D,IMAX",리 언크리치,"가엘 가르시아 베르날,앤서니 곤잘레스,벤자민 브랫"
195,해리 포터와 불의 잔,2005-12-01,"액션,판타지",12세관람가,미국,"필름,4D",마이크 뉴웰,"다니엘 래드클리프(해리 포터),루퍼트 그린트(론 위즐리),엠마 왓슨(헤르미온느 그레인저),랄프 파인즈(볼드모트)"
196,비긴 어게인,2014-08-13,멜로/로맨스,15세이상관람가,미국,"필름,2D",존 카니,"키이라 나이틀리,마크 러팔로,애덤 리바인,헤일리 스테인펠드,제임스 코든,캐서린 키너"
197,태풍,2005-12-14,"드라마,액션",15세관람가,한국,"필름,2D",곽경택,"이정재,이미연(최명주 역),장동건"
198,킹콩,2005-12-14,"드라마,어드벤처",15세관람가,미국,필름,피터 잭슨,"잭 블랙,애드리언 브로디,나오미 왓츠"
199,부러진 화살,2012-01-18,드라마,15세이상관람가,한국,"필름,2D",정지영,"안성기(김경호),박원상(박준),나영희(김경호부인),김지호(장은서),신종훈(처남)"
