Title,Release,Genre,Age,Nation,Type,Director,Main_actor,Audi
명량,2014-07-30,"사극,액션",15세이상관람가,한국,"필름,2D,4D",김한민,"최민식,류승룡,조진웅",17615919
극한직업,2019-01-23,코미디,15세이상관람가,한국,2D,이병헌,"류승룡,이하늬,진선규,이동휘,공명",16266338
신과함께-죄와 벌,2017-12-20,"판타지,드라마",12세이상관람가,한국,"2D,4D",김용화,"하정우,차태현,주지훈,김향기,마동석",14414658
국제시장,2014-12-17,드라마,12세이상관람가,한국,"필름,2D",윤제균,"황정민,김윤진,오달수,정진영",14264478
어벤져스: 엔드게임,2019-04-24,"액션,SF",12세이상관람가,미국,"2D,3D,4D,IMAX","안소니 루소,조 루소","로버트 다우니 주니어,크리스 에반스,마크 러팔로,크리스 헴스워스,스칼렛 요한슨,제레미 레너,돈 치들,폴 러드,브리 라슨,카렌 길런,브래들리 쿠퍼,조슈 브롤린",13977602
겨울왕국 2,2019-11-21,애니메이션,전체관람가,미국,"2D,3D,4D,IMAX","크리스 벅,제니퍼 리","크리스틴 벨,이디나 멘젤,조시 게드,조나단 그로프",13750668
베테랑,2015-08-05,"액션,드라마",15세이상관람가,한국,"필름,2D",류승완,"황정민,유아인,유해진,오달수",13414484
아바타,2009-12-17,"SF,액션,어드벤처",12세이상관람가,미국,"필름,2D,3D,4D,IMAX",제임스 카메론,"샘 워싱턴,조 샐다나,시고니 위버",13338863
도둑들,2012-07-25,"액션,범죄",15세이상관람가,"한국,홍콩","필름,2D",최동훈,"김윤석,김혜수,이정재,전지현,임달화,김해숙,오달수,김수현,이심결,증국상",12984701
7번방의 선물,2013-01-23,"코미디,드라마",15세이상관람가,한국,"필름,2D",이환경,"류승룡,박신혜,갈소원,오달수,박원상,김정태,정만식,김기천",12812144
알라딘,2019-05-23,"어드벤처,가족,판타지",전체관람가,미국,"2D,3D,4D,IMAX,DOLBYCINEMA",가이 리치,"메나 마수드,윌 스미스,나오미 스콧",12797927
암살,2015-07-22,"액션,드라마",15세이상관람가,한국,"필름,2D,4D",최동훈,"전지현,이정재,하정우",12706947
범죄도시2,2022-05-18,"범죄,액션",15세이상관람가,한국,"2D,IMAX",이상용,"마동석,손석구,최귀화",12693415
"광해, 왕이 된 남자",2012-09-13,"사극,드라마",15세이상관람가,한국,"필름,2D",추창민,"이병헌,류승룡,한효주,장광,김인권,심은경,김명곤",12324062
신과함께-인과 연,2018-08-01,"판타지,드라마",12세이상관람가,한국,"2D,4D,IMAX",김용화,"하정우,주지훈,김향기,마동석,김동욱",12278010
택시운전사,2017-08-02,드라마,15세이상관람가,한국,"필름,2D",장훈,"송강호,토마스 크레취만,류준열",12189706
태극기 휘날리며,2004-02-05,"전쟁,드라마",15세이상관람가,한국,"필름,2D",강제규,"장동건,원빈,이은주,조원희,이장욱,임성택",11746135
부산행,2016-07-20,"액션,스릴러",15세이상관람가,한국,"2D,4D",연상호,"공유,정유미,마동석,김수안",11567815
변호인,2013-12-18,드라마,15세이상관람가,한국,"필름,2D",양우석,"송강호,김영애,오달수,곽도원,임시완",11375399
해운대,2009-07-22,"액션,드라마,어드벤처",12세이상관람가,한국,"필름,2D,4D",윤제균,"설경구,하지원,박중훈,엄정화",11325117
어벤져스: 인피니티 워,2018-04-25,"액션,어드벤처,판타지,SF",12세이상관람가,미국,"2D,3D,4D,IMAX","안소니 루소,조 루소","로버트 다우니 주니어,조슈 브롤린,마크 러팔로,톰 히들스턴,크리스 에반스,크리스 헴스워스,제레미 레너,스칼렛 요한슨,엘리자베스 올슨,안소니 마키,폴 러드,기네스 팰트로우,폴 베타니,돈 치들,베네딕트 컴버배치,톰 홀랜드,크리스 프랫,조 샐다나,카렌 길런,브래들리 쿠퍼,빈 디젤,데이브 바티스타,세바스찬 스탠,채드윅 보스만,코비 스멀더스,베니치오 델 토로,피터 딘클리지,사무엘 L. 잭슨,다네이 거라이라,베네딕트 웡",11233176
실미도,2003-12-24,전쟁,15세관람가,한국,필름,강우석,"설경구,안성기,허준호,정재영,임경호",11081000
괴물,2006-07-27,"SF,가족,드라마",12세관람가,한국,"필름,2D",봉준호,"송강호,변희봉,박해일,배두나,고아성",10917400
아바타: 물의 길,2022-12-14,"액션,어드벤처,SF,스릴러",12세이상관람가,미국,"2D,3D,4D,IMAX,ScreenX,DOLBYCINEMA",제임스 카메론,"조 샐다나,샘 워싱턴,시고니 위버,스티븐 랭,케이트 윈슬렛",10802350
왕의 남자,2005-12-29,드라마,15세이상관람가,한국,"필름,2D",이준익,"감우성,이준기,유해진,정진영",10514177
어벤져스: 에이지 오브 울트론,2015-04-23,"액션,어드벤처,판타지,SF",12세이상관람가,미국,"필름,2D,3D,4D,IMAX",조스 웨던,"로버트 다우니 주니어,크리스 헴스워스,마크 러팔로,크리스 에반스,스칼렛 요한슨,제레미 레너,돈 치들,애론 테일러 존슨,엘리자베스 올슨,폴 베타니,코비 스멀더스,제임스 스페이더,사무엘 L. 잭슨,수현",10504487
인터스텔라,2014-11-06,SF,12세이상관람가,"미국,영국","필름,2D,4D,IMAX",크리스토퍼 놀란,"매튜 매커너히,앤 해서웨이,마이클 케인,제시카 차스테인,케이시 애플렉",10342523
기생충,2019-05-30,드라마,15세이상관람가,한국,"2D,IMAX,흑백판",봉준호,"송강호,이선균,조여정,최우식,박소담,이정은,장혜진,박명훈",10313519
겨울왕국,2014-01-16,"애니메이션,어드벤처,가족,코미디,뮤지컬,판타지",전체관람가,미국,"필름,2D,3D,4D","크리스 벅,제니퍼 리","이디나 멘젤,크리스틴 벨,조나단 그로프,조시 게드",10305051
보헤미안 랩소디,2018-10-31,드라마,12세이상관람가,미국,"2D,IMAX,ScreenX",브라이언 싱어,"라미 말렉,조셉 마젤로,마이크 마이어스,루시 보인턴",9948386
검사외전,2016-02-03,"범죄,코미디",15세이상관람가,한국,2D,이일형,"황정민,강동원",9707581
엑시트,2019-07-31,"코미디,액션",12세이상관람가,한국,"2D,4D,IMAX",이상근,"조정석,임윤아,설도희,최재영,고두심,김환영,변건우,황지현,황효은",9426960
설국열차,2013-08-01,"SF,액션",15세이상관람가,"한국,체코","필름,2D",봉준호,"크리스 에반스,송강호,에드 해리스,존 허트,틸다 스윈튼,제이미 벨,옥타비아 스펜서,이완 브렘너,고아성,알리슨 필",9353799
관상,2013-09-11,"사극,드라마",15세이상관람가,한국,"필름,2D",한재림,"송강호,이정재,백윤식,조정석,이종석,김혜수",9135806
아이언맨 3,2013-04-25,"액션,어드벤처,SF",12세이상관람가,미국,"필름,2D,3D,4D,IMAX",쉐인 블랙,"로버트 다우니 주니어,기네스 팰트로우,벤 킹슬리,가이 피어스,레베카 홀,폴 베타니,존 파브로",9001679
캡틴 아메리카: 시빌 워,2016-04-27,"액션,SF,스릴러",12세이상관람가,미국,"2D,3D,4D,IMAX","안소니 루소,조 루소","크리스 에반스,로버트 다우니 주니어,스칼렛 요한슨,세바스찬 스탠,안소니 마키,돈 치들,제레미 레너",8678761
해적: 바다로 간 산적,2014-08-06,어드벤처,12세이상관람가,한국,"필름,2D,4D",이석훈,"김남길,손예진,신정근",8666208
수상한 그녀,2014-01-22,드라마,15세이상관람가,한국,"필름,2D,4D",황동혁,"심은경,나문희,박인환,성동일,이진욱",8660801
백두산,2019-12-19,"어드벤처,드라마",12세이상관람가,한국,"2D,4D","이해준,김병서","이병헌,하정우,마동석,전혜진,배수지",8253427
과속스캔들,2008-12-03,코미디,12세이상관람가,한국,"필름,2D",강형철,"차태현,박보영,왕석현",8223342
탑건: 매버릭,2022-06-22,액션,12세이상관람가,미국,"2D,4D,IMAX,ScreenX,DOLBYCINEMA",조셉 코신스키,"톰 크루즈,마일즈 텔러,제니퍼 코넬리",8195742
국가대표,2009-07-29,"드라마,액션,코미디",12세이상관람가,한국,"필름,2D",김용화,"하정우,성동일,김지석,김동욱,최재환,이재응,이은성,심영",8035181
스파이더맨: 파 프롬 홈,2019-07-02,"액션,어드벤처,코미디,SF",12세이상관람가,미국,"2D,3D,4D,IMAX,ScreenX,DOLBYCINEMA",존 왓츠,"톰 홀랜드,사무엘 L. 잭슨,젠데이아 콜먼,코비 스멀더스,존 파브로,마리사 토메이,제이크 질렌할,제이콥 배덜런",8023606
디워,2007-08-01,"액션,판타지",12세이상관람가,한국,"필름,2D",심형래,"브룩스 아만다,베어 제이슨",7855474
공조,2017-01-18,액션,15세이상관람가,한국,"2D,4D",김성훈,"현빈,유해진,김주혁,장영남,이해영,임윤아,이동휘",7817686
트랜스포머 3,2011-06-29,"액션,어드벤처",12세이상관람가,미국,"필름,2D,3D,4D,IMAX",마이클 베이,"조쉬 더하멜,존 말코비치,로지 헌팅턴-휘틀리,샤이아 라보프,패트릭 뎀시",7785189
히말라야,2015-12-16,드라마,12세이상관람가,한국,"필름,2D",이석훈,"황정민,정우",7759761
스파이더맨: 노 웨이 홈,2021-12-15,"액션,어드벤처,SF",12세이상관람가,미국,"2D,4D,IMAX,ScreenX,DOLBYCINEMA",존 왓츠,"톰 홀랜드,젠데이아 콜먼,베네딕트 컴버배치,제이콥 배덜런,존 파브로,마리사 토메이",7551990
미션임파서블:고스트프로토콜,2011-12-15,액션,15세이상관람가,미국,"필름,2D,4D,IMAX",브래드 버드,"톰 크루즈,제레미 레너",7508976
밀정,2016-09-07,액션,15세이상관람가,"한국,미국","2D,4D",김지운,"송강호,공유",7500457
최종병기 활,2011-08-10,"사극,액션",15세이상관람가,한국,"필름,2D,4D",김한민,"박해일,류승룡,김무열,문채원",7470633
트랜스포머,2007-06-28,"SF,액션,어드벤처",12세이상관람가,미국,"필름,2D,IMAX",마이클 베이,"샤이아 라보프,메간 폭스",7402732
트랜스포머: 패자의 역습,2009-06-24,"SF,액션,어드벤처",12세이상관람가,미국,"필름,2D,IMAX",마이클 베이,"샤이아 라보프,메간 폭스",7393443
써니,2011-05-04,"드라마,코미디",15세이상관람가,한국,"필름,2D",강형철,"유호정,심은경,강소라,고수희,홍진희,김민영,김선경,김보미,이연경,남보라,민효린,조민수",7363142
한산: 용의 출현,2022-07-27,"액션,드라마",12세이상관람가,한국,"2D,4D,IMAX,ScreenX",김한민,"박해일,변요한,안성기,손현주,김성규,김성균,김향기,옥택연,공명,박지환,조재윤,김효주",7264934
스파이더맨: 홈 커밍,2017-07-05,"액션,어드벤처,SF",12세이상관람가,미국,"2D,3D,4D,IMAX",존 왓츠,"톰 홀랜드,로버트 다우니 주니어,마이클 키튼",7258678
1987,2017-12-27,드라마,15세이상관람가,한국,2D,장준환,"김윤석,하정우,유해진,김태리,이희준",7232452
베를린,2013-01-30,액션,15세이상관람가,"한국,독일","필름,2D,4D",류승완,"하정우,한석규,류승범,전지현",7166688
마스터,2016-12-21,"액션,범죄",15세이상관람가,한국,2D,조의석,"이병헌,강동원,김우빈",7150586
터널,2016-08-10,드라마,12세이상관람가,한국,2D,김성훈,"하정우,배두나,오달수",7120780
어벤져스,2012-04-26,"액션,SF",12세이상관람가,미국,"필름,2D,3D,4D,IMAX",조스 웨던,"로버트 다우니 주니어,스칼렛 요한슨,크리스 헴스워스,크리스 에반스,제레미 레너",7087971
내부자들,2015-11-19,"범죄,드라마",청소년관람불가,한국,"필름,2D",우민호,"이병헌,조승우,백윤식",7073581
인천상륙작전,2016-07-27,"전쟁,드라마",12세이상관람가,한국,"2D,3D",이재한,"이정재,이범수,리암 니슨",7051237
공조2: 인터내셔날,2022-09-07,"액션,코미디",15세이상관람가,한국,2D,이석훈,"현빈,유해진,임윤아,다니엘 헤니,진선규",6982940
럭키,2016-10-13,코미디,15세이상관람가,한국,2D,이계벽,"유해진,이준,조윤희,임지연",6975631
은밀하게 위대하게,2013-06-05,"액션,코미디,드라마",15세이상관람가,한국,"필름,2D",장철수,"김수현,박기웅,이현우,손현주,신정근",6959083
범죄도시,2017-10-03,"범죄,액션",청소년관람불가,한국,2D,강윤성,"마동석,윤계상,조재윤,최귀화,김성규",6880546
곡성,2016-05-12,"미스터리,스릴러,드라마",15세이상관람가,"한국,미국","필름,2D",나홍진,"곽도원,황정민,쿠니무라 준,천우희,김환희",6879989
화려한 휴가,2007-07-25,드라마,12세이상관람가,한국,필름,김지훈,"김상경,안성기,이요원,이준기,박철민",6855433
"좋은 놈, 나쁜 놈, 이상한 놈",2008-07-17,"서부극(웨스턴),액션,어드벤처",15세이상관람가,한국,"필름,2D,4D",김지운,"송강호,이병헌,정우성,엄지원,오일용",6686075
늑대소년,2012-10-31,"멜로/로맨스,드라마,판타지",15세이상관람가,한국,"필름,2D",조성희,"송중기,박보영",6655501
군함도,2017-07-26,"액션,드라마",15세이상관람가,한국,"필름,2D,4D",류승완,"황정민,소지섭,송중기,이정현,김수안",6592151
미션 임파서블: 폴아웃,2018-07-25,"액션,스릴러",15세이상관람가,미국,"2D,3D,4D,IMAX",크리스토퍼 맥쿼리,"톰 크루즈,레베카 퍼거슨,바네사 커비,미셸 모나한,헨리 카빌,안젤라 바셋,사이먼 페그,알렉 볼드윈",6584915
웰컴 투 동막골,2005-08-04,"전쟁,드라마",12세관람가,한국,"필름,2D",박광현,"신하균,정재영,강혜정,리민",6436900
다크 나이트 라이즈,2012-07-19,"액션,범죄,스릴러",15세이상관람가,"미국,영국","필름,2D,4D,IMAX",크리스토퍼 놀란,"크리스찬 베일,게리 올드만,앤 해서웨이,톰 하디,조셉 고든 레빗",6428574
사도,2015-09-16,사극,12세이상관람가,한국,"필름,2D",이준익,"송강호,유아인,문근영",6247745
아저씨,2010-08-04,"액션,드라마",청소년관람불가,한국,"필름,2D",이정범,"원빈,김새론",6179525
킹스맨 : 시크릿 에이전트,2015-02-11,"액션,스릴러",청소년관람불가,"미국,영국","필름,2D,4D,IMAX",매튜 본,"콜린 퍼스,태런 에저튼,사무엘 L. 잭슨,마이클 케인",6129681
미션 임파서블: 로그네이션,2015-07-30,"액션,스릴러,어드벤처",15세이상관람가,미국,"필름,2D,4D,IMAX",크리스토퍼 맥쿼리,"톰 크루즈,제레미 레너,사이먼 페그,알렉 볼드윈,레베카 퍼거슨",6126488
미녀는 괴로워,2006-12-14,"멜로/로맨스,코미디",12세이상관람가,한국,필름,김용화,"김아중,주진모",6081480
전우치,2009-12-23,"액션,코미디,판타지",12세이상관람가,한국,"필름,2D,4D",최동훈,"강동원,임수정,김윤석,유해진,김시권,주진모,선우선",6065474
연평해전,2015-06-24,드라마,12세이상관람가,한국,"필름,2D,3D",김학순,"김무열,진구,이현우,이완",6045393
인셉션,2010-07-21,"드라마,미스터리",12세이상관람가,미국,"필름,2D,4D,IMAX",크리스토퍼 놀란,레오나르도 디카프리오,5998647
레미제라블,2012-12-19,드라마,12세이상관람가,미국,"필름,2D,IMAX",톰 후퍼,"휴 잭맨,러셀 크로우,앤 해서웨이,아만다 사이프리드,헬레나 본햄 카터",5939011
닥터 스트레인지: 대혼돈의 멀티버스,2022-05-04,"액션,어드벤처,판타지",12세이상관람가,미국,"2D,3D,4D,IMAX,ScreenX,DOLBYCINEMA",샘 레이미,"베네딕트 컴버배치,엘리자베스 올슨,베네딕트 웡,레이첼 맥아담스,치웨텔 에지오포,소치틀 고메즈",5884587
캡틴 마블,2019-03-06,"액션,어드벤처,SF",12세이상관람가,미국,"2D,3D,4D,IMAX,ScreenX","애너 보든,라이언 플렉","브리 라슨,사무엘 L. 잭슨,벤 멘델슨,주드 로",5802810
타짜,2006-09-28,드라마,18세관람가,한국,"필름,2D",최동훈,"조승우,김혜수,백윤식,유해진,이수경",5692997
쥬라기 월드: 폴른 킹덤,2018-06-06,"액션,어드벤처,SF",12세이상관람가,미국,"2D,3D,4D,IMAX",후안 안토니오 바요나,"크리스 프랫,브라이스 달라스 하워드,제프 골드블럼",5661128
청년경찰,2017-08-09,액션,15세이상관람가,한국,2D,김주환,"박서준,강하늘,성동일,박하선",5653444
숨바꼭질,2013-08-14,스릴러,15세이상관람가,한국,"필름,2D",허정,"손현주,문정희,전미선",5604106
덕혜옹주,2016-08-03,"사극,드라마",12세이상관람가,한국,2D,허진호,"손예진,박해일",5599995
더 테러 라이브,2013-07-31,"범죄,기타",15세이상관람가,한국,"필름,2D",김병우,"하정우,이경영,전혜진,이다윗",5584295
쥬라기 월드,2015-06-11,"액션,어드벤처,SF",12세이상관람가,미국,"필름,2D,3D,4D,IMAX",콜린 트레보로우,"크리스 프랫,주디 그리어,브라이스 달라스 하워드,케이티 맥그라스,제이크 존슨,빈센트 도노프리오",5547463
감시자들,2013-07-03,"범죄,액션",15세이상관람가,한국,"필름,2D","조의석,김병서","설경구,정우성,한효주,진경,이준호",5509019
앤트맨과 와스프,2018-07-04,"액션,어드벤처,SF",12세이상관람가,미국,"2D,3D,4D,IMAX",페이튼 리드,"폴 러드,에반젤린 릴리,마이클 더글라스,미셀 파이퍼,로렌스 피쉬번,해나 존-케이먼",5448357
닥터 스트레인지,2016-10-26,"액션,어드벤처,판타지",12세이상관람가,미국,"2D,3D,4D,IMAX",스콧 데릭슨,"베네딕트 컴버배치,레이첼 맥아담스,틸다 스윈튼,매즈 미켈슨,치웨텔 에지오포",5447269
검은 사제들,2015-11-05,"미스터리,드라마",15세이상관람가,한국,"필름,2D",장재현,"김윤석,강동원",5443232
안시성,2018-09-19,"사극,액션",12세이상관람가,한국,"2D,4D",김광식,"조인성,남주혁,박성웅,김동진",5441020
의형제,2010-02-04,"드라마,액션",15세이상관람가,한국,"필름,2D",장훈,"송강호,강동원",5416923
블랙 팬서,2018-02-14,"액션,드라마,SF",12세이상관람가,미국,"2D,3D,4D,IMAX",라이언 쿠글러,채드윅 보스만,5400241
2012,2009-11-12,"SF,액션,어드벤처",12세이상관람가,미국,"필름,2D,3D",롤랜드 에머리히,"존 쿠삭 ,아만다 피트,올리버 플랫,탠디 뉴튼,치웨텔 에지오포",5397597
더 킹,2017-01-18,"범죄,드라마",15세이상관람가,한국,2D,한재림,"조인성,정우성,배성우,류준열,김의성,이석호",5318202
완득이,2011-10-20,드라마,12세이상관람가,한국,"필름,2D",이한,"김윤석,유아인",5311353
트랜스포머: 사라진 시대,2014-06-25,"액션,SF,어드벤처",12세이상관람가,미국,"필름,2D,3D,4D,IMAX",마이클 베이,"마크 월버그,니콜라 펠츠,잭 레이너,스탠리 투치,리빙빙",5295836
완벽한 타인,2018-10-31,"드라마,코미디",15세이상관람가,한국,2D,이재규,"유해진,조진웅,이서진,염정아,김지수,송하윤,윤경호",5294154
조커,2019-10-02,"액션,드라마,스릴러",15세이상관람가,미국,"2D,IMAX",토드 필립스,"호아킨 피닉스,재지 비츠,로버트 드 니로,프란시스 콘로이,브렛 컬렌",5255308
월드 워 Z,2013-06-20,"드라마,스릴러,SF,액션,어드벤처",15세이상관람가,미국,"필름,2D,3D,4D",마크 포스터,"브래드 피트,미레유 에노스,매튜 폭스",5244336
타워,2012-12-25,드라마,12세이상관람가,한국,"필름,2D",김지훈,"설경구,손예진,김상경,차인표,조민아",5181244
미녀와 야수,2017-03-16,"멜로/로맨스,판타지,뮤지컬",전체관람가,미국,"2D,3D,4D,IMAX",빌 콘돈,"엠마 왓슨,댄 스티븐스,루크 에반스,이완 맥그리거,이안 맥켈런,엠마 톰슨,구구 바샤-로,케빈 클라인,스탠리 투치",5156372
미션 임파서블 3,2006-05-03,액션,15세관람가,미국,"필름,2D",J.J. 에이브럼스,톰 크루즈,5127047
투사부일체,2006-01-19,코미디,15세관람가,한국,필름,김동원,"정준호,정웅인,김상중",5074314
쿵푸팬더 2,2011-05-26,"애니메이션,액션,어드벤처,코미디,가족",전체관람가,미국,"필름,2D,3D,4D,IMAX",여인영,"더스틴 호프만,잭 블랙,안젤리나 졸리,성룡",5064796
독전,2018-05-22,"범죄,액션",15세이상관람가,한국,2D,이해영,"조진웅,류준열,김주혁,김성령,박해준,차승원,진서연",5064323
추격자,2008-02-14,"범죄,스릴러,액션",청소년관람불가,한국,"필름,2D",나홍진,"김윤석,하정우",5046096
아쿠아맨,2018-12-19,액션,12세이상관람가,"미국,호주","2D,3D,4D,IMAX,ScreenX,DOLBYCINEMA",제임스 완,"제이슨 모모아,앰버 허드,니콜 키드먼,패트릭 윌슨,윌렘 데포,돌프 룬드그렌",5041187
공작,2018-08-08,드라마,12세이상관람가,한국,2D,윤종빈,"황정민,이성민,조진웅,주지훈",4975517
인사이드 아웃,2015-07-09,"애니메이션,코미디",전체관람가,미국,"필름,2D,3D,IMAX",피트 닥터,"다이안 레인,에이미 포엘러,카일 맥라클란,민디 캘링,빌 헤이더",4971192
킹스맨: 골든 서클,2017-09-27,"액션,어드벤처,코미디",청소년관람불가,"미국,영국","2D,4D,IMAX",매튜 본,"콜린 퍼스,줄리안 무어,태런 에저튼,마크 스트롱,할리 베리,엘튼 존,채닝 테이텀,제프 브리지스",4945484
바람과 함께 사라지다,2012-08-08,"코미디,사극",12세이상관람가,한국,"필름,2D",김주호,"차태현,오지호,민효린,성동일,고창석,송종호,이채영,김길동,김향기",4909950
마션,2015-10-08,"액션,어드벤처,SF",12세이상관람가,미국,"필름,2D,3D,4D,IMAX",리들리 스콧,"맷 데이먼,제시카 차스테인,제프 다니엘스,케이트 마라,크리스틴 위그",4887144
토르: 라그나로크,2017-10-25,"액션,어드벤처,판타지,SF",12세이상관람가,미국,"2D,4D,IMAX",타이카 와이티티,"크리스 헴스워스,톰 히들스턴,케이트 블란쳇,이드리스 엘바,제프 골드블럼,테사 톰슨,칼 어번,마크 러팔로,안소니 홉킨스",4858572
어메이징 스파이더맨,2012-06-28,액션,12세이상관람가,미국,"필름,2D,3D,4D,IMAX",마크 웹,"앤드류 가필드,엠마 스톤,마틴 쉰,샐리 필드",4853273
"님아, 그 강을 건너지 마오",2014-11-27,다큐멘터리,전체관람가,한국,"필름,2D",진모영,"조병만,강계열",4802642
봉오동 전투,2019-08-07,"사극,액션,드라마",15세이상관람가,한국,2D,원신연,"유해진,류준열,조우진",4787579
조선명탐정 : 각시투구꽃의 비밀,2011-01-27,"코미디,액션",12세이상관람가,한국,"필름,2D",김석윤,"김명민,한지민,오달수",4786259
군도: 민란의 시대,2014-07-23,"사극,액션",15세이상관람가,한국,"필름,2D,4D",윤종빈,"하정우,강동원,조진웅,마동석,정만식,김성균,주진모,이경영",4775924
남산의 부장들,2020-01-22,드라마,15세이상관람가,한국,2D,우민호,"이병헌,이성민,곽도원,이희준,김소진",4750345
라이온 킹,2019-07-17,"어드벤처,드라마,가족",전체관람가,미국,"2D,3D,4D,IMAX",존 파브로,"도날드 글로버,비욘세 놀즈,제임스 얼 존스,치웨텔 에지오포,세스 로건",4743295
범죄와의 전쟁: 나쁜놈들 전성시대,2012-02-02,"범죄,드라마",청소년관람불가,한국,"필름,2D",윤종빈,"최민식,하정우",4720172
주토피아,2016-02-17,"애니메이션,액션,어드벤처",전체관람가,미국,"2D,3D,4D","바이론 하워드,리치 무어","지니퍼 굿윈,제이슨 베이트먼,샤키라",4707962
엣지 오브 투모로우,2014-06-04,"액션,SF",12세이상관람가,미국,"필름,2D,3D,4D,IMAX",더그 라이만,"톰 크루즈,에밀리 블런트,빌 팩스톤",4706213
신세계,2013-02-21,"범죄,액션",청소년관람불가,한국,"필름,2D",박훈정,"이정재,최민식,황정민",4689828
신비한 동물사전,2016-11-16,"어드벤처,가족,판타지",12세이상관람가,"미국,영국","2D,3D,4D,IMAX",데이빗 예이츠,"에디 레드메인,콜린 파렐,캐서린 워터스턴,앨리슨 수돌,댄 포글러,사만다 모튼,젠 머레이",4669702
도가니,2011-09-22,드라마,청소년관람불가,한국,"필름,2D",황동혁,"정유미,공유",4662926
쿵푸 팬더,2008-06-05,"애니메이션,코미디,액션,가족",전체관람가,미국,"필름,2D,IMAX","마크 오스본,존 스티븐슨","더스틴 호프만,루시 루,잭 블랙,안젤리나 졸리,성룡,김기현",4654266
내 아내의 모든 것,2012-05-17,"코미디,멜로/로맨스",15세이상관람가,한국,"필름,2D",민규동,"임수정,이선균,류승룡",4598985
스파이더맨 3,2007-05-01,"액션,SF",12세이상관람가,미국,필름,샘 레이미,"토비 맥과이어,커스틴 던스트",4592309
판도라,2016-12-07,"드라마,스릴러",12세이상관람가,한국,"2D,4D",박정우,"김남길,김영애,문정희,정진영,이경영,강신일,김대명,유승목,김주현,김명민",4585116
맘마미아!,2008-09-03,"멜로/로맨스,뮤지컬",12세이상관람가,미국,"필름,2D",필리다 로이드,"아만다 사이프리드,메릴 스트립,콜린 퍼스",4579773
나쁜 녀석들: 더 무비,2019-09-11,"범죄,액션",15세이상관람가,한국,2D,손용호,"마동석,김상중,김아중,장기용",4573902
캐리비안의 해적: 세상의 끝에서,2007-05-23,"액션,코미디,어드벤처,판타지",12세이상관람가,미국,필름,고어 버빈스키,"조니 뎁,올랜도 블룸",4571229
가문의 위기(가문의 영광2),2005-09-07,코미디,15세관람가,한국,필름,정용기,"신현준,김수미,김원희,정준하",4529876
연가시,2012-07-05,"공포(호러),SF",15세이상관람가,한국,"필름,2D",박정우,"김명민,문정희,김동완,이하늬",4516063
터미네이터 : 미래전쟁의 시작,2009-05-21,"SF,액션",15세이상관람가,미국,"필름,2D",맥지,"크리스찬 베일,샘 워싱턴,문 블러드굿,안톤 옐친",4499776
강철비,2017-12-14,"액션,드라마",15세이상관람가,한국,2D,양우석,"정우성,곽도원",4459879
아이언맨 2,2010-04-29,"SF,액션,어드벤처",12세이상관람가,미국,"필름,2D,4D,IMAX",존 파브로,"로버트 다우니 주니어,기네스 팰트로우,돈 치들,스칼렛 요한슨,미키 루크",4452900
해리포터와 죽음의 성물2,2011-07-13,"판타지,미스터리",전체관람가,미국,"필름,2D,3D,4D,IMAX",데이빗 예이츠,"다니엘 래드클리프,엠마 왓슨,루퍼트 그린트",4426983
더 퍼스트 슬램덩크,2023-01-04,애니메이션,12세이상관람가,일본,"2D,IMAX,DOLBYCINEMA",이노우에 다케히코,,4425235
다만 악에서 구하소서,2020-08-05,"범죄,액션",15세이상관람가,한국,2D,홍원찬,"황정민,이정재,박정민,박소이",4421210
헌트,2022-08-10,"액션,드라마",15세이상관람가,한국,2D,이정재,"이정재,정우성,전혜진,허성태,고윤정,김종수,정만식",4357873
엑스맨: 데이즈 오브 퓨처 패스트,2014-05-22,"액션,판타지,SF,어드벤처",12세이상관람가,미국,"필름,2D,3D,4D",브라이언 싱어,"휴 잭맨,제임스 맥어보이,마이클 패스벤더,제니퍼 로렌스",4352390
강철중: 공공의 적 1-1,2008-06-19,"드라마,액션",15세이상관람가,한국,"필름,2D",강우석,"설경구,정재영,김영필",4313871
아이언맨,2008-04-30,"SF,드라마,액션",12세이상관람가,미국,"필름,2D,4D",존 파브로,"로버트 다우니 주니어,테렌스 하워드,제프 브리지스,기네스 팰트로우",4313102
아가씨,2016-06-01,"스릴러,드라마",청소년관람불가,한국,2D,박찬욱,"김민희,김태리,하정우,조진웅",4300365
박물관이 살아있다!,2006-12-21,"코미디,어드벤처",전체관람가,미국,필름,숀 레비,"벤 스틸러,로빈 윌리엄스",4289008
다크 나이트,2008-08-06,"범죄,드라마,액션,미스터리",15세이상관람가,미국,"필름,2D,4D,IMAX",크리스토퍼 놀란,"크리스찬 베일,마이클 케인,히스 레저",4245247
말아톤,2005-01-27,드라마,전체관람가,한국,필름,정윤철,"조승우,김미숙",4228360
어메이징 스파이더맨 2,2014-04-23,"액션,판타지",12세이상관람가,미국,"필름,2D,3D,4D,IMAX",마크 웹,"앤드류 가필드,엠마 스톤,제이미 폭스,데인 드한",4196859
용의자,2013-12-24,"액션,스릴러",15세이상관람가,한국,"필름,2D,4D",원신연,"공유,박희순,조성하,유다인,김성균,조재윤",4168353
건축학개론,2012-03-22,"멜로/로맨스,드라마",12세이상관람가,한국,"필름,2D",이용주,"엄태웅,한가인,이제훈,배수지",4131338
인디아나 존스 4 : 크리스탈 해골의 왕국,2008-05-22,"액션,어드벤처",12세이상관람가,미국,필름,스티븐 스필버그,"해리슨 포드,샤이아 라보프",4114167
미이라 3:황제의 무덤,2008-07-30,"액션,어드벤처,판타지",12세이상관람가,미국,필름,롭 코헨,"브렌든 프레이저,마리아 벨로,이연걸",4111753
댄싱퀸,2012-01-18,"코미디,드라마",12세이상관람가,한국,"필름,2D",이석훈,"황정민,엄정화",4090885
7급 공무원,2009-04-22,"코미디,액션,드라마,범죄",12세이상관람가,한국,"필름,2D",신태라,"김하늘,강지환,임성현",4058225
우리 생애 최고의 순간,2008-01-10,드라마,전체관람가,한국,필름,임순례,"문소리,김정은,엄태웅,김지영,조은지,강재원",4039891
꾼,2017-11-22,범죄,15세이상관람가,한국,2D,장창원,"현빈,유지태",4018872
타짜-신의 손,2014-09-03,드라마,청소년관람불가,한국,"필름,2D",강형철,"최승현,신세경,곽도원,유해진,김윤석,이하늬,김인권,이경영,고수희,오정세",4018341
혹성탈출: 반격의 서막,2014-07-10,"액션,드라마,SF,스릴러",12세이상관람가,미국,"필름,2D,3D,4D",맷 리브스,"앤디 서키스,게리 올드만,제이슨 클락",4015361
쿵푸팬더3,2016-01-28,"애니메이션,액션,어드벤처",전체관람가,미국,"2D,3D,4D,IMAX","여인영,알레산드로 칼로니","잭 블랙,안젤리나 졸리,더스틴 호프만,성룡,세스 로건,루시 리우,데이빗 크로스,J.K. 시몬스",4002560
캡틴 아메리카: 윈터 솔져,2014-03-26,"액션,어드벤처,SF",15세이상관람가,미국,"필름,2D,3D,4D,IMAX","조 루소,안소니 루소","크리스 에반스,스칼렛 요한슨,사무엘 L. 잭슨,로버트 레드포드",3984814
스즈메의 문단속,2023-03-08,애니메이션,12세이상관람가,일본,"2D,4D,IMAX,DOLBYCINEMA",신카이 마코토,,3964965
매드 맥스: 분노의 도로,2015-05-14,"액션,어드벤처,스릴러",15세이상관람가,"미국,호주","필름,2D,3D,4D,IMAX",조지 밀러,"톰 하디,샤를리즈 테론,니콜라스 홀트,휴 키즈 바인",3920851
캐리비안의 해적 : 망자의 함,2006-07-06,"액션,코미디,어드벤처,판타지",12세관람가,미국,필름,고어 버빈스키,"조니 뎁,올랜도 블룸",3911617
박수건달,2013-01-09,코미디,15세이상관람가,한국,"필름,2D",조진규,"박신양,김정태,엄지원,정혜영",3897969
베놈,2018-10-03,"액션,SF,스릴러",15세이상관람가,미국,"2D,4D,IMAX",루벤 플레셔,"톰 하디,미쉘 윌리엄스,리즈 아메드,제니 슬레이트",3888096
조선명탐정 : 사라진 놉의 딸,2015-02-11,"사극,코미디,어드벤처",12세이상관람가,한국,"필름,2D",김석윤,"김명민,오달수,이연희",3872015
역린,2014-04-30,사극,15세이상관람가,한국,"필름,2D,4D",이재규,"현빈,정재영,조정석,한지민,조재현,박성웅,김성령,정은채",3849700
남한산성,2017-10-03,"사극,드라마",15세이상관람가,한국,2D,황동혁,"이병헌,김윤석,박해일,고수,박희순,조우진",3849129
너의 이름은.,2017-01-04,"애니메이션,드라마,멜로/로맨스",12세이상관람가,일본,"2D,IMAX",신카이 마코토,"카미키 류노스케,카미시라이시 모네,나가사와 마사미,이치하라 에수코,유키 아오이,시마자키 노부나가,이시카와 카이토,타니 카논",3816428
반도,2020-07-15,"액션,드라마",15세이상관람가,한국,"2D,4D,IMAX,ScreenX",연상호,"강동원,이정현",3812954
암수살인,2018-10-03,"범죄,드라마",15세이상관람가,한국,2D,김태균,"김윤석,주지훈,문정희,진선규,이유준",3789553
데드풀 2,2018-05-16,"액션,어드벤처,코미디,SF",청소년관람불가,미국,"2D,4D,IMAX",데이빗 레이치,"라이언 레이놀즈,조슈 브롤린,재지 비츠,모레나 바카린,브리아나 힐데브란드",3784602
라라랜드,2016-12-07,"드라마,뮤지컬,멜로/로맨스",12세이상관람가,미국,"2D,IMAX,DOLBYCINEMA",데이미언 셔젤,"엠마 스톤,라이언 고슬링,핀 위트록,J.K. 시몬스",3767582
국가부도의 날,2018-11-28,드라마,12세이상관람가,한국,2D,최국희,"김혜수,유아인,허준호,조우진,뱅상 카셀",3755469
쌍화점,2008-12-30,드라마,청소년관람불가,한국,"필름,2D",유하,"조인성,주진모,송지효,임주환,여욱환",3749034
신기전,2008-09-04,"사극,드라마,액션,전쟁",15세이상관람가,한국,"필름,2D",김유진,"정재영,한은정,허준호",3728439
해리 포터와 불사조 기사단,2007-07-11,"판타지,액션,어드벤처",전체관람가,미국,"필름,2D,4D",데이빗 예이츠,"다니엘 래드클리프,루퍼트 그린트",3702538
미이라,2017-06-06,"액션,어드벤처,판타지",15세이상관람가,미국,"2D,3D,4D,IMAX",알렉스 커츠먼,"톰 크루즈,소피아 부텔라,애나벨 월리스,러셀 크로우,하비에르 보텟,제이크 존슨,코트니 B. 반스",3689325
82년생 김지영,2019-10-23,드라마,12세이상관람가,한국,2D,김도영,"정유미,공유,김국희",3679162
분노의 질주: 더 익스트림,2017-04-12,"액션,범죄,스릴러",15세이상관람가,"미국,일본,프랑스,캐나다","2D,4D,IMAX,DOLBYCINEMA",F. 게리 그레이,"빈 디젤,드웨인 존슨,샤를리즈 테론,제이슨 스타뎀,스콧 이스트우드,커트 러셀,미셸 로드리게즈",3659683
분노의 질주: 홉스&쇼,2019-08-14,액션,12세이상관람가,미국,"2D,4D,IMAX,DOLBYCINEMA",데이빗 레이치,"드웨인 존슨,제이슨 스타뎀,이드리스 엘바,바네사 커비",3657627
모가디슈,2021-07-28,"액션,드라마",15세이상관람가,한국,"2D,4D,IMAX,ScreenX",류승완,"김윤석,조인성,허준호,구교환,김소진,정만식",3619202
인턴,2015-09-24,코미디,12세이상관람가,미국,"필름,2D",낸시 마이어스,"앤 해서웨이,로버트 드 니로,르네 루소,냇 울프,아담 드바인,앤드류 라넬스",3611166
귀향,2016-02-24,드라마,15세이상관람가,한국,2D,조정래,"손숙,강하나,최리,임성철,정무성,류신",3587256
리얼 스틸,2011-10-12,"액션,드라마,SF",12세이상관람가,미국,"필름,2D,4D,IMAX",숀 레비,휴 잭맨,3579666
신의 한 수,2014-07-03,"범죄,액션",청소년관람불가,한국,"필름,2D",조범구,"정우성,안성기,이범수,김인권,이시영,안길강,최진혁",3566852
코코,2018-01-11,애니메이션,전체관람가,미국,"2D,4D,IMAX",리 언크리치,"가엘 가르시아 베르날,앤서니 곤잘레스,벤자민 브랫",3516880
해리 포터와 불의 잔,2005-12-01,"액션,판타지",12세관람가,미국,"필름,4D",마이크 뉴웰,"다니엘 래드클리프,루퍼트 그린트,엠마 왓슨,랄프 파인즈",3499257
비긴 어게인,2014-08-13,멜로/로맨스,15세이상관람가,미국,"필름,2D",존 카니,"키이라 나이틀리,마크 러팔로,애덤 리바인,헤일리 스테인펠드,제임스 코든,캐서린 키너",3477672
태풍,2005-12-14,"드라마,액션",15세관람가,한국,"필름,2D",곽경택,"이정재,이미연,장동건",3471150
킹콩,2005-12-14,"드라마,어드벤처",15세관람가,미국,필름,피터 잭슨,"잭 블랙,애드리언 브로디,나오미 왓츠",3470059
부러진 화살,2012-01-18,드라마,15세이상관람가,한국,"필름,2D",정지영,"안성기,박원상,나영희,김지호,신종훈",3460212
